Recipe,Spirits1,Spirits1c,Spirits1am,S1al,Spirits2,Spirits2c,Spirits2am,S2al,Spirits3,Spirits3c,Spirits3am,S3al,Lime Juice,Lime Juicec,Lime Juiceam,Juice1,Juice1c,Juice1am,J1sw,Juice2,Juice2c,Juice2am,J2sw,Syrup1,Syrup1c,Syrup1am,S1sw,Syrup2,Syrup2c,Syrup2am,S2sw,Bitter1,Bitter1c,Bitter1am,Bitter2,Bitter2c,Bitter2am,Other1,Other1c,O1sw,Other1am,Other2,Other2c,Other2am,O2sw,Other3,Other3c,Other3am,Liqueur 1,Liqueur 1c,Liqueur 1am,L1sw,L1al,Liqueur 2,Liqueur 2c,Liqueur 2am,L2sw,L2al,Liqueur 3,Liqueur 3c,Liqueur 3am,L3sw,L3al,Ice,Operation,OPindex,Decoration,Amount,Sour,Alcohol,Bitter,Glass,Flavor1,Flavor2,Flavor3,Flavor4,Flavor5
Negroni,Gin,ffffe6,30,0.47,,,0,0,,,0,0,Lime Juice,,0,,,0,0,,,0,0,,,0,0,,,0,0,,,0,,,0,,,0,0,,,0,0,,,0,Sweet Vermouth,c73a4a,30,0.15,0.15,Campari,c73a4a,30,0.03,0.24,,,0,0,0,Rock,Stir,0.75,Orange Roll,90,0.06,0.215,0.016666667,Rocks-Glass,Herb,Orange,n,n,n
Boulevardier,Bourbon Whiskey,54241f,30,0.45,,,0,0,,,0,0,Lime Juice,,0,,,0,0,,,0,0,,,0,0,,,0,0,,,0,,,0,,,0,0,,,0,0,,,0,Campari,c73a4a,30,0.03,0.24,Sweet Vermouth,c73a4a,30,0.15,0.15,,,0,0,0,Regular,Stir,0.75,,90,0.06,0.21,0.016666667,Martini-Glass,Orange,Herb,n,n,n
Sazerac(I),Brandy,54241f,60,0.4,,,0,0,,,0,0,Lime Juice,,0,,,0,0,,,0,0,Simple Syrup,ffffe6,5,0.6,,,0,0,Angostura Aromatic Bitters,54241f,0.93,,,0,,,0,0,,,0,0,,,0,Absinthe,edfd9,5,0,0.65,,,0,0,0,,,0,0,0,Regular,Stir,0.75,Lemon Roll,70.93,0.042295221,0.288136191,0.01663612,Rocks-Glass,Herb,n,n,n,n
Sazerac(II),Rye Whiskey,54241f,60,0.45,,,0,0,,,0,0,Lime Juice,,0,,,0,0,,,0,0,Simple Syrup,ffffe6,4.93,0.6,,,0,0,Angostura Aromatic Bitters,54241f,0.93,,,0,,,0,0,,,0,0,,,0,Absinthe,edfd9,4.93,0,0.65,,,0,0,0,,,0,0,0,Regular,Stir,0.75,Lemon Roll,70.79,0.041785563,0.320008123,0.016619579,Rocks-Glass,Herb,n,n,n,n
De La Louisiane,Rye Whiskey,54241f,22,0.45,,,0,0,,,0,0,Lime Juice,,0,,,0,0,,,0,0,,,0,0,,,0,0,Angostura Orange Bitters,ed9d6c,0.93,,,0,,,0,0,,,0,0,,,0,Sweet Vermouth,c73a4a,22,0.15,0.15,Benedictine,420808,22,0.227,0.769,Absinthe,edfd98,0.93,0,0.65,Regular,Stir,0.75,Maraschino cherry,67.86,0.122222222,0.339550177,0.015075155,Martini-Glass,Herb,n,n,n,n
Old Pal,Rye Whiskey,54241f,30,0.45,,,0,0,,,0,0,Lime Juice,,0,,,0,0,,,0,0,,,0,0,,,0,0,,,0,,,0,,,0,0,,,0,0,,,0,Campari,c73a4a,22,0.03,0.24,Sweet Vermouth,c73a4a,22,0.15,0.15,,,0,0,0,Regular,Stir,0.75,Orange Roll,74,0.053513514,0.223783784,0.014864865,Rocks-Glass,Orange,Herb,n,n,n
Pegu,Gin,ffffe6,60,0.47,,,0,0,,,0,0,Lime Juice,f7ffd1,15,,,0,0,,,0,0,,,0,0,,,0,0,Angostura Orange Bitters,ed9d6c,0.62,Angostura Aromatic Bitters,54241f,0.62,,,0,0,,,0,0,,,0,Grand Marnier,ffffe6,22,0.2,0.4,,,0,0,0,,,0,0,0,Regular,Stir,0.75,Lemon Roll,98.24,-0.107899023,0.282471498,0.01262215,Martini-Glass,Orange,n,n,n,n
Rosita,Tequila,edffef,45,0.4,,,0,0,,,0,0,Lime Juice,,0,,,0,0,,,0,0,,,0,0,,,0,0,Angostura Aromatic Bitters,54241f,0.31,,,0,,,0,0,,,0,0,,,0,Dry Vermouth,ffffff,15,0.04,0.18,Sweet Vermouth,c73a4a,15,0.15,0.15,Campari,c73a4a,15,0.03,0.24,Regular,Shake,0.5,Orange Roll,90.31,0.036540804,0.146993688,0.011737349,Martini-Glass,Orange,Herb,n,n,n
Vieux Carre,Rye Whiskey,54241f,25,0.45,Brandy,54241f,25,0.4,,,0,0,Lime Juice,,0,,,0,0,,,0,0,,,0,0,,,0,0,Angostura Aromatic Bitters,54241f,0.93,,,0,,,0,0,,,0,0,,,0,Sweet Vermouth,c73a4a,25,0.15,0.15,Benedictine,420808,5,0.227,0.769,,,0,0,0,Rock,Stir,0.75,Lemon Roll/Orange Roll,80.93,0.060360806,0.267314346,0.011491412,Rocks-Glass,Herb,n,n,n,n
Metropole,Brandy,54241f,45,0.4,,,0,0,,,0,0,Lime Juice,,0,,,0,0,,,0,0,,,0,0,,,0,0,Angostura Aromatic Bitters,54241f,0.31,Angostura Orange Bitters,ed9d6c,0.62,,,0,0,,,0,0,,,0,Dry Vermouth,ffffff,45,0.04,0.18,,,0,0,0,,,0,0,0,Regular,Stir,0.75,Maraschino cherry,90.93,0.019795447,0.215275487,0.010227648,Martini-Glass,Herb,n,n,n,n
Jasmine,Gin,ffffe6,45,0.47,,,0,0,,,0,0,Lime Juice,f7ffd1,15,,,0,0,,,0,0,,,0,0,,,0,0,,,0,,,0,,,0,0,,,0,0,,,0,Campari,c73a4a,22,0.03,0.24,Cointreau,f5f5f5,30,0.2,0.4,,,0,0,0,Regular,Stir,0.75,Lemon Roll,112,-0.074464286,0.25734375,0.009821429,Martini-Glass,Orange,n,n,n,n
Martini,Gin,ffffe6,60,0.47,,,0,0,,,0,0,Lime Juice,,0,,,0,0,,,0,0,,,0,0,,,0,0,Angostura Orange Bitters,ed9d6c,0.62,,,0,,,0,0,,,0,0,,,0,Dry Vermouth,ffffff,10,0.04,0.18,,,0,0,0,,,0,0,0,Regular,Stir,0.75,Lemon Roll,70.62,0.005664118,0.318606627,0.008779383,Martini-Glass,Herb,n,n,n,n
Journalist,Gin,ffffe6,45,0.47,,,0,0,,,0,0,Lime Juice,f7ffd1,10,,,0,0,,,0,0,,,0,0,,,0,0,Angostura Aromatic Bitters,54241f,0.62,,,0,,,0,0,,,0,0,,,0,Dry Vermouth,ffffff,7.5,0.04,0.18,Sweet Vermouth,c73a4a,7.5,0.15,0.15,Cointreau,ffffe6,1.24,0.2,0.4,Regular,Shake,0.5,,71.86,-0.115878096,0.167833287,0.008627888,Martini-Glass,Herb,Orange,n,n,n
Widow's Kiss,Apple Brandy,54241f,45,0.4,,,0,0,,,0,0,Lime Juice,,0,,,0,0,,,0,0,,,0,0,,,0,0,Angostura Aromatic Bitters,54241f,0.62,,,0,,,0,0,,,0,0,,,0,Chartreuse Yellow,fcf67c,22,0.4,0.55,Benedictine,420808,7.5,0.227,0.769,,,0,0,0,Regular,Stir,0.75,,75.12,0.139809638,0.358102037,0.008253461,Martini-Glass,Apple,Herb,n,n,n
Old Fashioned,Bourbon Whiskey,54241f,60,0.45,,,0,0,,,0,0,Lime Juice,,0,,,0,0,,,0,0,Simple Syrup,ffffe6,4.93,0.6,,,0,0,Angostura Aromatic Bitters,54241f,0.62,,,0,Soda,fffff0,0,10,,,0,0,,,0,,,0,0,0,,,0,0,0,,,0,0,0,Regular,Stir,0.75,Orange Roll,75.55,0.039152879,0.268034414,0.008206486,Rocks-Glass,n,n,n,n,n
Caprice,Gin,ffffe6,45,0.47,,,0,0,,,0,0,Lime Juice,,0,,,0,0,,,0,0,,,0,0,,,0,0,Angostura Orange Bitters,ed9d6c,0.62,,,0,,,0,0,,,0,0,,,0,Dry Vermouth,ffffff,15,0.04,0.18,Benedictine,420808,15,0.227,0.769,,,0,0,0,Regular,Stir,0.75,Lemon Roll/Maraschino cherry,75.62,0.052962179,0.350948823,0.008198889,Martini-Glass,Herb,n,n,n,n
Japanese,Brandy,54241f,60,0.4,,,0,0,,,0,0,Lime Juice,,0,,,0,0,,,0,0,Almond Syrup,ed9d6c,15,0.67,,,0,0,Angostura Aromatic Bitters,54241f,0.62,,,0,,,0,0,,,0,0,,,0,,,0,0,0,,,0,0,0,,,0,0,0,Regular,Stir,0.75,Lemon Roll,75.62,0.132901349,0.238032267,0.008198889,Martini-Glass,Almond,n,n,n,n
Manhattan(I),Bourbon Whiskey,54241f,60,0.45,,,0,0,,,0,0,Lime Juice,,0,,,0,0,,,0,0,,,0,0,,,0,0,Angostura Orange Bitters,ed9d6c,0.62,,,0,,,0,0,,,0,0,,,0,Sweet Vermouth,c73a4a,20,0.15,0.15,,,0,0,0,,,0,0,0,Regular,Stir,0.75,Orange Roll/Maraschino cherry,80.62,0.03721161,0.279087075,0.007690399,Martini-Glass,Herb,n,n,n,n
Manhattan(II),Bourbon Whiskey,54241f,60,0.45,,,0,0,,,0,0,Lime Juice,,0,,,0,0,,,0,0,,,0,0,,,0,0,Angostura Aromatic Bitters,54241f,0.62,,,0,,,0,0,,,0,0,,,0,Sweet Vermouth,c73a4a,20,0.15,0.15,,,0,0,0,,,0,0,0,Rock,Stir,0.75,Orange Roll/Maraschino cherry,80.62,0.03721161,0.279087075,0.007690399,Rocks-Glass,Herb,n,n,n,n
Vodka Martini,Vodka,ffffff,60,0.4,,,0,0,,,0,0,Lime Juice,,0,,,0,0,,,0,0,,,0,0,,,0,0,Angostura Orange Bitters,ed9d6c,0.62,,,0,,,0,0,,,0,0,,,0,Dry Vermouth,ffffff,20,0.04,0.18,,,0,0,0,,,0,0,0,Regular,Shake,0.5,Lemon Roll,80.62,0.009923096,0.171173406,0.007690399,Martini-Glass,Herb,n,n,n,n
Opera,Gin,ffffe6,60,0.47,,,0,0,,,0,0,Lime Juice,,0,,,0,0,,,0,0,,,0,0,,,0,0,Angostura Orange Bitters,ed9d6c,0.62,,,0,,,0,0,,,0,0,,,0,Dubonnet,c73a4a,15,0.135,0.19,Luxardo Maraschino,420808,7.5,0.3,0.32,,,0,0,0,Regular,Stir,0.75,Lemon Roll/Maraschino cherry,83.12,0.051431665,0.301822666,0.007459095,Martini-Glass,Herb,Cherry,n,n,n
Deshler,Rye Whiskey,54241f,45,0.45,,,0,0,,,0,0,Lime Juice,,0,,,0,0,,,0,0,,,0,0,,,0,0,Angostura Aromatic Bitters,54241f,0.62,,,0,,,0,0,,,0,0,,,0,Dubonnet,c73a4a,30,0.135,0.19,Cointreau,f5f5f5,7.5,0.2,0.4,,,0,0,0,Regular,Stir,0.75,Orange Roll,83.12,0.066770934,0.26121872,0.007459095,Martini-Glass,Orange,Herb,n,n,n
Pisco Sour,Pisco,54241f,75,0.4,,,0,0,,,0,0,Lime Juice,f7ffd1,20,,,0,0,,,0,0,Simple Syrup,ffffe6,20,0.6,,,0,0,Angostura Aromatic Bitters,54241f,0.93,,,0,Eggwhite,ffffff,0,15,,,0,0,,,0,,,0,0,0,,,0,0,0,,,0,0,0,Regular,Shake,0.5,,130.93,-0.061101352,0.114565035,0.007103032,Martini-Glass,Cream,n,n,n,n
Classic Car,Rum,ffffff,70,0.4,,,0,0,,,0,0,Lime Juice,,0,,,0,0,,,0,0,,,0,0,,,0,0,Angostura Aromatic Bitters,54241f,0.62,,,0,,,0,0,,,0,0,,,0,Benedictine,420808,20,0.227,0.769,,,0,0,0,,,0,0,0,Regular,Stir,0.75,Orange Roll,90.62,0.050099316,0.359026705,0.006841757,Martini-Glass,Herb,n,n,n,n
Bijou,Gin,ffffe6,30,0.47,,,0,0,,,0,0,Lime Juice,,0,,,0,0,,,0,0,,,0,0,,,0,0,Angostura Orange Bitters,ed9d6c,0.62,,,0,,,0,0,,,0,0,,,0,Chartreuse Green,edfd9,30,0.4,0.55,Sweet Vermouth,c73a4a,30,0.15,0.15,,,0,0,0,Regular,Stir,0.75,Lemon Roll/Maraschino cherry,90.62,0.182079011,0.290498786,0.006841757,Martini-Glass,Herb,n,n,n,n
Martinez,Gin,ffffe6,30,0.47,,,0,0,,,0,0,Lime Juice,,0,,,0,0,,,0,0,,,0,0,,,0,0,Angostura Orange Bitters,ed9d6c,0.62,,,0,,,0,0,,,0,0,,,0,Sweet Vermouth,c73a4a,60,0.15,0.15,Luxardo Maraschino,420808,1.24,0.3,0.32,,,0,0,0,Regular,Stir,0.75,Orange Roll/Maraschino cherry,91.86,0.10202482,0.191841933,0.006749401,Martini-Glass,Herb,Cherry,n,n,n
Satan`s Whiskers,Gin,ffffe6,22,0.47,,,0,0,,,0,0,Lime Juice,,0,Orange,ed9d6c,15,0.58,,,0,0,,,0,0,,,0,0,Angostura Orange Bitters,ed9d6c,0.62,,,0,,,0,0,,,0,0,,,0,Dry Vermouth,ffffff,22,0.04,0.18,Sweet Vermouth,c73a4a,22,0.15,0.15,Grand Marnier,ffffe6,15,0.2,0.4,Regular,Shake,0.5,Orange Roll,96.62,0.164355206,0.122127924,0.006416891,Martini-Glass,Orange,Herb,n,n,n
Alaska,Gin,ffffe6,60,0.47,,,0,0,,,0,0,Lime Juice,f7ffd1,25,,,0,0,,,0,0,,,0,0,,,0,0,Angostura Orange Bitters,ed9d6c,0.62,,,0,,,0,0,,,0,0,,,0,Chartreuse Green,edfd9,15,0.4,0.55,,,0,0,0,,,0,0,0,Regular,Stir,0.75,Orange Roll,100.62,-0.188829259,0.271690519,0.006161797,Martini-Glass,Herb,n,n,n,n
Mai Tai,Rum,ffffff,60,0.4,,,0,0,,,0,0,Lime Juice,f7ffd1,7.5,Orange,ed9d6c,7.5,0.58,,,0,0,Orgeat syrup,fcf67c,15,0.65,,,0,0,Angostura Orange Bitters,ed9d6c,0.62,,,0,,,0,0,,,0,0,,,0,Grand Marnier,ffffe6,22,0.2,0.4,,,0,0,0,,,0,0,0,Regular,Shake,0.5,Pineapple Slice/ Maraschino cherry,112.62,0.097673593,0.145622447,0.005505239,Rocks-Glass,Orange,n,n,n,n
Silent Third,Bourbon Whiskey,54241f,60,0.45,,,0,0,,,0,0,Lime Juice,f7ffd1,30,,,0,0,,,0,0,Simple Syrup,ffffe6,4.93,0.6,,,0,0,Angostura Aromatic Bitters,54241f,0.62,,,0,,,0,0,,,0,0,,,0,Cointreau,ffffe6,20,0.2,0.4,,,0,0,0,,,0,0,0,Regular,Shake,0.5,Orange Roll,115.55,-0.19941151,0.151449589,0.005365643,Martini-Glass,Orange,n,n,n,n
Perfect Martini,Gin,ffffe6,90,0.47,,,0,0,,,0,0,Lime Juice,,0,,,0,0,,,0,0,,,0,0,,,0,0,Angostura Orange Bitters,ed9d6c,0.62,,,0,,,0,0,,,0,0,,,0,Dry Vermouth,ffffff,20,0.04,0.18,Sweet Vermouth,c73a4a,10,0.15,0.15,,,0,0,0,Regular,Stir,0.75,Lemon Roll/Orange Roll,120.62,0.019068148,0.294727243,0.005140109,Martini-Glass,Herb,n,n,n,n
Obituary Cocktail,Gin,ffffe6,60,0.47,,,0,0,,,0,0,Lime Juice,,0,,,0,0,,,0,0,,,0,0,,,0,0,,,0,,,0,,,0,0,,,0,0,,,0,Dry Vermouth,ffffff,7.5,0.04,0.18,Absinthe,edfd98,7.5,0,0.65,,,0,0,0,Regular,Stir,0.75,,75,0.004,0.34425,0.005,Martini-Glass,Herb,n,n,n,n
Derby,Bourbon Whiskey,54241f,60,0.45,,,0,0,,,0,0,Lime Juice,,0,,,0,0,,,0,0,,,0,0,,,0,0,Angostura Aromatic Bitters,54241f,0.31,,,0,,,0,0,,,0,0,,,0,Benedictine,420808,7.5,0.227,0.769,,,0,0,0,,,0,0,0,Regular,Stir,0.75,Lemon Roll,67.81,0.025106916,0.362418891,0.004571597,Martini-Glass,Herb,n,n,n,n
East India House,Brandy,54241f,52,0.4,Rum,f5f5f5,7.5,0.4,,,0,0,Lime Juice,,0,Pineapple,fcf67c,7.5,0.6,,,0,0,,,0,0,,,0,0,Angostura Orange Bitters,ed9d6c,0.31,,,0,,,0,0,,,0,0,,,0,Grand Marnier,ffffe6,7.5,0.2,0.4,,,0,0,0,,,0,0,0,Regular,Shake,0.5,Lemon Roll/Maraschino cherry,74.81,0.080203181,0.179120438,0.004143831,Martini-Glass,Pineapple,Orange,n,n,n
Rob Roy,Scotch Whiskey,54241f,60,0.45,,,0,0,,,0,0,Lime Juice,,0,,,0,0,,,0,0,,,0,0,,,0,0,Angostura Aromatic Bitters,54241f,0.31,,,0,,,0,0,,,0,0,,,0,Sweet Vermouth,c73a4a,20,0.15,0.15,,,0,0,0,,,0,0,0,Regular,Stir,0.75,Lemon Roll,80.31,0.037355248,0.280164363,0.003860042,Martini-Glass,Herb,n,n,n,n
Blue Hawaii,Rum,ffffff,45,0.4,Vodka,f5f5f5,15,0.4,,,0,0,Lime Juice,f7ffd1,15,Pineapple,fcf67c,45,0.6,,,0,0,Simple Syrup,ffffe6,15,0.6,,,0,0,,,0,,,0,,,0,0,,,0,0,,,0,Curacao Blue,7df8f3,10,0.17,0.25,,,0,0,0,,,0,0,0,Regular,Shake,0.5,Pineapple Slice/ Maraschino cherry,145,0.156551724,0.09137931,0.003448276,Hurricane-Glass,Pineapple,Bitter Orange,n,n,n
King's Valley,Scotch Whiskey,54241f,60,0.45,,,0,0,,,0,0,Lime Juice,f7ffd1,15,,,0,0,,,0,0,,,0,0,,,0,0,,,0,,,0,,,0,0,,,0,0,,,0,Cointreau,ffffe6,15,0.2,0.4,Curacao Blue,7df8f3,4.9,0.17,0.25,,,0,0,0,Regular,Shake,0.5,Lemon Roll,94.9,-0.117671233,0.180321391,0.002581665,Martini-Glass,Orange,n,n,n,n
Singapore Sling,Gin,ffffe6,45,0.47,,,0,0,,,0,0,Lime Juice,f7ffd1,25,Pineapple,fcf67c,120,0.6,,,0,0,Simple Syrup,ffffe6,20,0.6,Grenadine Syrup,f54842,4.93,0.67,Angostura Aromatic Bitters,54241f,0.62,,,0,Soda,fffff0,0,200,,,0,0,,,0,Luxardo Maraschino,420808,20,0.3,0.32,Cointreau,f5f5f5,10,0.2,0.4,Benedictine,54241f,10,0.227,0.769,Regular,Shake,0.5,Pineapple Slice/ Maraschino cherry,455.55,0.159308748,0.043068818,0.001360992,Hurricane-Glass,Pineapple,Bubbling,Cherry,Orange,Herb
Monkey Gland,Gin,ffffe6,30,0.47,,,0,0,,,0,0,Lime Juice,,0,Orange,ed9d6c,30,0.58,,,0,0,Grenadine Syrup,f54842,0.62,0.67,,,0,0,,,0,,,0,,,0,0,,,0,0,,,0,Absinthe,edfd9,0.62,0,0.65,,,0,0,0,,,0,0,0,Regular,Shake,0.5,Orange Roll,61.24,0.290911169,0.118411169,0.000506205,Martini-Glass,Orange,Herb,n,n,n
B&B ,Brandy,54241f,45,0.4,,,0,0,,,0,0,Lime Juice,,0,,,0,0,,,0,0,,,0,0,,,0,0,,,0,,,0,,,0,0,,,0,0,,,0,Benedictine,420808,15,0.227,0.769,,,0,0,0,,,0,0,0,Rock,Stir,0.75,,60,0.05675,0.3691875,0,Rocks-Glass,Herb,n,n,n,n
Godfather,Scotch Whiskey,54241f,90,0.45,,,0,0,,,0,0,Lime Juice,,0,,,0,0,,,0,0,,,0,0,,,0,0,,,0,,,0,,,0,0,,,0,0,,,0,Amaretto Disaronno,420808,30,0.42,0.57,,,0,0,0,,,0,0,0,Rock,Stir,0.75,,120,0.105,0.36,0,Rocks-Glass,Amond,n,n,n,n
Berlin Station Chief,Gin,ffffe6,60,0.47,Islay Whiskey,54241f,15,0.45,,,0,0,Lime Juice,,0,,,0,0,,,0,0,,,0,0,,,0,0,,,0,,,0,,,0,0,,,0,0,,,0,,,0,0,0,,,0,0,0,,,0,0,0,Regular,Stir,0.75,Olive/Lemon Roll,75,0,0.3495,0,Martini-Glass,n,n,n,n,n
Rusty Nail,Scotch Whiskey,54241f,60,0.45,,,0,0,,,0,0,Lime Juice,,0,,,0,0,,,0,0,,,0,0,,,0,0,,,0,,,0,,,0,0,,,0,0,,,0,Drambuie,420808,10,0.337,0.4,,,0,0,0,,,0,0,0,Rock,Stir,0.75,,70,0.048142857,0.332142857,0,Rocks-Glass,Honey,Herb,n,n,n
Godmother,Vodka,ffffff,90,0.4,,,0,0,,,0,0,Lime Juice,,0,,,0,0,,,0,0,,,0,0,,,0,0,,,0,,,0,,,0,0,,,0,0,,,0,Amaretto Disaronno,420808,30,0.42,0.57,,,0,0,0,,,0,0,0,Rock,Stir,0.75,,120,0.105,0.331875,0,Rocks-Glass,Amond,n,n,n,n
French Connection,Brandy,54241f,45,0.4,,,0,0,,,0,0,Lime Juice,,0,,,0,0,,,0,0,,,0,0,,,0,0,,,0,,,0,,,0,0,,,0,0,,,0,Amaretto Disaronno,420808,15,0.42,0.57,,,0,0,0,,,0,0,0,Rock,Stir,0.75,,60,0.105,0.331875,0,Rocks-Glass,Amond,n,n,n,n
Mint Julep,Bourbon Whiskey,54241f,75,0.45,,,0,0,,,0,0,Lime Juice,,0,,,0,0,,,0,0,Simple Syrup,ffffe6,15,0.6,,,0,0,,,0,,,0,Mint Leaves,,0,0,,,0,0,,,0,,,0,0,0,,,0,0,0,,,0,0,0,Crashed,Stir,0.75,Mint Leaves,90,0.1,0.28125,0,Hurricane-Glass,Mint,n,n,n,n
Brave Bull,Tequila,edffef,60,0.4,,,0,0,,,0,0,Lime Juice,,0,,,0,0,,,0,0,,,0,0,,,0,0,,,0,,,0,,,0,0,,,0,0,,,0,Kahlua ,54241f,20,0.45,0.2,,,0,0,0,,,0,0,0,Rock,Stir,0.75,,80,0.1125,0.2625,0,Rocks-Glass,Coffee,n,n,n,n
Dirty Martini,Gin,ffffe6,90,0.47,,,0,0,,,0,0,Lime Juice,,0,Olive,edfd98,20,0.03,,,0,0,,,0,0,,,0,0,,,0,,,0,,,0,0,,,0,0,,,0,Dry Vermouth,ffffff,30,0.04,0.18,,,0,0,0,,,0,0,0,Regular,Stir,0.75,Olive/Lemon Peel/Parsley,140,0.012857143,0.255535714,0,Martini-Glass,Olive,Herb,n,n,n
El Presidente,Rum,ffffff,45,0.4,,,0,0,,,0,0,Lime Juice,,0,,,0,0,,,0,0,,,0,0,,,0,0,,,0,,,0,,,0,0,,,0,0,,,0,Dry Vermouth,ffffff,22,0.04,0.18,Grand Marnier,f5f5f5,7.5,0.2,0.4,,,0,0,0,Regular,Stir,0.75,Orange Roll,74.5,0.031946309,0.251275168,0,Hurricane-Glass,Herb,Orange,n,n,n
White Russian,Vodka,ffffff,60,0.4,,,0,0,,,0,0,Lime Juice,,0,,,0,0,,,0,0,,,0,0,,,0,0,,,0,,,0,,,0,0,,,0,0,,,0,Kahlua ,54241f,30,0.45,0.2,,,0,0,0,,,0,0,0,Rock,Stir,0.75,,90,0.15,0.25,0,Rocks-Glass,Coffee,n,n,n,n
Blind Russian,Vodka,ffffff,60,0.4,,,0,0,,,0,0,Lime Juice,,0,,,0,0,,,0,0,,,0,0,,,0,0,,,0,,,0,,,0,0,,,0,0,,,0,Kahlua ,54241f,15,0.45,0.2,Baileys,fcf67c,15,0.31,0.17,,,0,0,0,Rock,Stir,0.75,,90,0.126666667,0.24625,0,Rocks-Glass,Coffee,Cream,n,n,n
Arnaud,Gin,ffffe6,30,0.47,,,0,0,,,0,0,Lime Juice,,0,,,0,0,,,0,0,,,0,0,,,0,0,,,0,,,0,,,0,0,,,0,0,,,0,Dry Vermouth,ffffff,30,0.04,0.18,Blackcurrant Liqueur,9763b0,30,0.24,0.24,,,0,0,0,Regular,Stir,0.75,Lemon Roll,90,0.093333333,0.2225,0,Martini-Glass,Herb,Blackcurrant,n,n,n
Dubonnet Cocktail,Gin,ffffe6,45,0.47,,,0,0,,,0,0,Lime Juice,f7ffd1,15,,,0,0,,,0,0,,,0,0,,,0,0,,,0,,,0,,,0,0,,,0,0,,,0,Dubonnet,c73a4a,45,0.135,0.19,,,0,0,0,,,0,0,0,Regular,Stir,0.75,Orange Roll,105,-0.085,0.212142857,0,Martini-Glass,Herb,n,n,n,n
Caipirinha,Rum,ffffff,60,0.4,,,0,0,,,0,0,Lime Juice,f7ffd1,20,,,0,0,,,0,0,Simple Syrup,ffffe6,10,0.6,,,0,0,,,0,,,0,,,0,0,,,0,0,,,0,,,0,0,0,,,0,0,0,,,0,0,0,Crashed,Stir,0.75,,90,-0.155555556,0.2,0,Rocks-Glass,n,n,n,n,n
A1,Gin,ffffe6,30,0.47,,,0,0,,,0,0,Lime Juice,f7ffd1,5,,,0,0,,,0,0,Grenadine Syrup,f54842,0.62,0.67,,,0,0,,,0,,,0,,,0,0,,,0,0,,,0,Grand Marnier,ffffe6,15,0.2,0.4,,,0,0,0,,,0,0,0,Regular,Shake,0.5,,50.62,-0.031303832,0.198538127,0,Martini-Glass,Orange,n,n,n,n
Vesper,Gin,ffffe6,45,0.47,Vodka,f5f5f5,15,0.4,,,0,0,Lime Juice,,0,,,0,0,,,0,0,,,0,0,,,0,0,,,0,,,0,,,0,0,,,0,0,,,0,Lillet,ffffe6,15,0,0.17,,,0,0,0,,,0,0,0,Regular,Shake,0.5,Lemon Roll,75,0,0.198,0,Martini-Glass,Orange,n,n,n,n
Twentieth Century,Gin,ffffe6,45,0.47,,,0,0,,,0,0,Lime Juice,f7ffd1,22,,,0,0,,,0,0,,,0,0,,,0,0,,,0,,,0,,,0,0,,,0,0,,,0,Lillet,ffffe6,22,0,0.17,Mozart White Chocolate Cream Liqueur,54241f,15,0.34,0.17,,,0,0,0,Regular,Stir,0.75,,104,-0.1625,0.197884615,0,Martini-Glass,Orange,Chocolate,Cream,n,n
Whisper,Scotch Whiskey,54241f,25,0.45,,,0,0,,,0,0,Lime Juice,,0,,,0,0,,,0,0,,,0,0,,,0,0,,,0,,,0,,,0,0,,,0,0,,,0,Dry Vermouth,ffffff,25,0.04,0.18,Sweet Vermouth,c73a4a,25,0.15,0.15,,,0,0,0,Regular,Stir,0.75,,75,0.063333333,0.195,0,Martini-Glass,Herb,n,n,n,n
Black Russian,Vodka,ffffff,60,0.4,,,0,0,,,0,0,Lime Juice,,0,,,0,0,,,0,0,,,0,0,,,0,0,,,0,,,0,Cream,ffffff,0.05,30,,,0,0,,,0,Kahlua ,54241f,20,0.45,0.2,,,0,0,0,,,0,0,0,Rock,Stir,0.75,,110,0.095454545,0.190909091,0,Rocks-Glass,Cream,Coffee,n,n,n
Liberal,Rye Whiskey,54241f,45,0.45,,,0,0,,,0,0,Lime Juice,,0,,,0,0,,,0,0,,,0,0,,,0,0,,,0,,,0,,,0,0,,,0,0,,,0,Sweet Vermouth,c73a4a,15,0.15,0.15,Grand Marnier,f5f5f5,7.5,0.2,0.4,,,0,0,0,Regular,Shake,0.5,Orange Roll,67.5,0.055555556,0.188888889,0,Martini-Glass,Orange,Herb,n,n,n
Honeymoon,Apple Brandy,54241f,40,0.4,,,0,0,,,0,0,Lime Juice,f7ffd1,15,,,0,0,,,0,0,,,0,0,,,0,0,,,0,,,0,,,0,0,,,0,0,,,0,Cointreau,ffffe6,10,0.2,0.4,Benedictine,420808,10,0.227,0.769,,,0,0,0,Regular,Shake,0.5,Orange Roll,75,-0.143066667,0.1846,0,Martini-Glass,Orange,Herb,Apple,n,n
Stinger,Brandy,54241f,60,0.4,,,0,0,,,0,0,Lime Juice,,0,,,0,0,,,0,0,,,0,0,,,0,0,,,0,,,0,,,0,0,,,0,0,,,0,Mint White Liqueur,edfd98,10,0.195,0.17,,,0,0,0,,,0,0,0,Regular,Shake,0.5,Mint Leaves,70,0.027857143,0.183571429,0,Martini-Glass,Mint,n,n,n,n
Aviation,Gin,ffffe6,60,0.47,,,0,0,,,0,0,Lime Juice,f7ffd1,15,,,0,0,,,0,0,,,0,0,,,0,0,,,0,,,0,,,0,0,,,0,0,,,0,Parfait Amour Liqueur,54241f,15,0.34,0.3,Luxardo Maraschino,420808,9.86,0.3,0.32,,,0,0,0,Regular,Shake,0.5,,99.86,-0.069517324,0.179527338,0,Martini-Glass,Violet,Cherry,n,n,n
Gimlet,Gin,ffffe6,60,0.47,,,0,0,,,0,0,Lime Juice,f7ffd1,20,,,0,0,,,0,0,,,0,0,,,0,0,,,0,,,0,,,0,0,,,0,0,,,0,,,0,0,0,,,0,0,0,,,0,0,0,Regular,Shake,0.5,Lemon Roll,80,-0.25,0.17625,0,Martini-Glass,n,n,n,n,n
Corpse Reviver2,Gin,ffffe6,25,0.47,,,0,0,,,0,0,Lime Juice,,0,,,0,0,,,0,0,,,0,0,,,0,0,,,0,,,0,,,0,0,,,0,0,,,0,Cointreau,ffffe6,25,0.2,0.4,Lillet,f5f5f5,25,0,0.17,,,0,0,0,Regular,Shake,0.5,Absinthe Wash,75,0.066666667,0.173333333,0,Martini-Glass,Orange,n,n,n,n
Brandy Crusta,Brandy,54241f,60,0.4,,,0,0,,,0,0,Lime Juice,f7ffd1,10,,,0,0,,,0,0,,,0,0,,,0,0,,,0,,,0,,,0,0,,,0,0,,,0,Luxardo Maraschino,420808,10,0.3,0.32,Cointreau,f5f5f5,10,0.2,0.4,,,0,0,0,Regular,Shake,0.5,Lemon Roll,90,-0.055555556,0.173333333,0,Hurricane-Glass,Orange,Cherry,n,n,n
Ice-Breaker,Tequila,edffef,30,0.4,,,0,0,,,0,0,Lime Juice,,0,Grapefruit,f7cde0,30,0.65,,,0,0,Grenadine Syrup,f54842,4.93,0.67,,,0,0,,,0,,,0,,,0,0,,,0,0,,,0,Cointreau,ffffe6,15,0.2,0.4,,,0,0,0,,,0,0,0,Rock,Stir,0.75,Orange Roll,79.93,0.322821219,0.168897786,0,Rocks-Glass,Grapefruit,Orange,n,n,n
White Lady,Gin,ffffe6,40,0.47,,,0,0,,,0,0,Lime Juice,f7ffd1,15,,,0,0,,,0,0,Simple Syrup,ffffe6,4.93,0.6,,,0,0,,,0,,,0,,,0,0,,,0,0,,,0,Cointreau,ffffe6,20,0.2,0.4,,,0,0,0,,,0,0,0,Regular,Shake,0.5,,79.93,-0.100613036,0.167646691,0,Martini-Glass,Orange,n,n,n,n
Last Word,Gin,ffffe6,25,0.47,,,0,0,,,0,0,Lime Juice,f7ffd1,25,,,0,0,,,0,0,,,0,0,,,0,0,,,0,,,0,,,0,0,,,0,0,,,0,Luxardo Maraschino,420808,25,0.3,0.32,Chartreuse Green,edfd98,25,0.4,0.55,,,0,0,0,Regular,Shake,0.5,Lemon Roll/Orange Roll,100,-0.075,0.1675,0,Martini-Glass,Cherry,Herb,n,n,n
Commodore,Bourbon Whiskey,54241f,60,0.45,,,0,0,,,0,0,Lime Juice,f7ffd1,7.5,,,0,0,,,0,0,Grenadine Syrup,f54842,4.93,0.67,,,0,0,,,0,,,0,,,0,0,,,0,0,,,0,Mozart White Chocolate Cream Liqueur,fcf67c,22,0.34,0.17,,,0,0,0,,,0,0,0,Regular,Shake,0.5,,94.43,0.034767553,0.16276607,0,Martini-Glass,Chocolate,Cream,n,n,n
Kamikaze,Vodka,ffffff,60,0.4,,,0,0,,,0,0,Lime Juice,f7ffd1,20,,,0,0,,,0,0,,,0,0,,,0,0,,,0,,,0,,,0,0,,,0,0,,,0,Cointreau,ffffe6,20,0.2,0.4,,,0,0,0,,,0,0,0,Regular,Shake,0.5,Lemon Roll,100,-0.16,0.16,0,Martini-Glass,Orange,n,n,n,n
Choco-Martini,Vodka,ffffff,60,0.4,,,0,0,,,0,0,Lime Juice,,0,,,0,0,,,0,0,,,0,0,,,0,0,,,0,,,0,Chocolate,,0,0,,,0,0,,,0,Mozart Chocolate Cream Liqueur,54241f,40,0.34,0.17,,,0,0,0,,,0,0,0,Regular,Shake,0.5,Coco Powder,100,0.136,0.154,0,Martini-Glass,Chocolate,Cream,n,n,n
Vodka Lime,Vodka,ffffff,60,0.4,,,0,0,,,0,0,Lime Juice,f7ffd1,20,,,0,0,,,0,0,,,0,0,,,0,0,,,0,,,0,,,0,0,,,0,0,,,0,,,0,0,0,,,0,0,0,,,0,0,0,Regular,Shake,0.5,Lemon Wedge,80,-0.25,0.15,0,Rocks-Glass,n,n,n,n,n
Larchmont,Rum,ffffff,60,0.4,,,0,0,,,0,0,Lime Juice,f7ffd1,20,,,0,0,,,0,0,Simple Syrup,ffffe6,10,0.6,,,0,0,,,0,,,0,,,0,0,,,0,0,,,0,Grand Marnier,ffffe6,20,0.2,0.4,,,0,0,0,,,0,0,0,Regular,Shake,0.5,Lemon Roll,110,-0.090909091,0.145454545,0,Martini-Glass,Orange,n,n,n,n
Sidecar,Brandy,54241f,45,0.4,,,0,0,,,0,0,Lime Juice,f7ffd1,20,,,0,0,,,0,0,Simple Syrup,ffffe6,5,0.6,,,0,0,,,0,,,0,,,0,0,,,0,0,,,0,Cointreau,ffffe6,15,0.2,0.4,Grand Marnier,f5f5f5,5,0.2,0.4,,,0,0,0,Regular,Shake,0.5,Orange Roll,90,-0.144444444,0.144444444,0,Martini-Glass,Orange,n,n,n,n
Daiquiri,Rum,ffffff,60,0.4,,,0,0,,,0,0,Lime Juice,f7ffd1,15,,,0,0,,,0,0,Simple Syrup,ffffe6,10,0.6,,,0,0,,,0,,,0,,,0,0,,,0,0,,,0,,,0,0,0,,,0,0,0,,,0,0,0,Regular,Shake,0.5,Lemon Roll,85,-0.105882353,0.141176471,0,Martini-Glass,n,n,n,n,n
Royal Smile,Apple Brandy,54241f,45,0.4,Gin,f5f5f5,15,0.47,,,0,0,Lime Juice,f7ffd1,15,,,0,0,,,0,0,Grenadine Syrup,f54842,15,0.67,,,0,0,,,0,,,0,,,0,0,,,0,0,,,0,,,0,0,0,,,0,0,0,,,0,0,0,Regular,Shake,0.5,Lemon Roll,90,-0.055,0.139166667,0,Martini-Glass,Apple,n,n,n,n
Dr. Blinker,Rye Whiskey,54241f,60,0.45,,,0,0,,,0,0,Lime Juice,,0,Grapefruit,f7cde0,30,0.65,,,0,0,Raspberry Syrup,9763b0,7.5,0.67,,,0,0,,,0,,,0,,,0,0,,,0,0,,,0,,,0,0,0,,,0,0,0,,,0,0,0,Regular,Shake,0.5,Lemon Roll,97.5,0.251538462,0.138461538,0,Martini-Glass,Grapefruit,Raspberry,n,n,n
X.Y.Z. ,Rum,ffffff,55,0.4,,,0,0,,,0,0,Lime Juice,f7ffd1,20,,,0,0,,,0,0,Simple Syrup,ffffe6,10,0.6,,,0,0,,,0,,,0,,,0,0,,,0,0,,,0,Cointreau,ffffe6,10,0.2,0.4,,,0,0,0,,,0,0,0,Regular,Shake,0.5,Lemon Roll,95,-0.126315789,0.136842105,0,Martini-Glass,Orange,n,n,n,n
Algonquin,Rye Whiskey,54241f,60,0.45,,,0,0,,,0,0,Lime Juice,,0,Pineapple,fcf67c,30,0.6,,,0,0,,,0,0,,,0,0,,,0,,,0,,,0,0,,,0,0,,,0,Dry Vermouth,ffffff,30,0.04,0.18,,,0,0,0,,,0,0,0,Regular,Shake,0.5,Maraschino cherry,120,0.16,0.135,0,Martini-Glass,Pineapple,Herb,n,n,n
Chaplin,Gin,ffffe6,30,0.47,,,0,0,,,0,0,Lime Juice,f7ffd1,20,,,0,0,,,0,0,,,0,0,,,0,0,,,0,,,0,,,0,0,,,0,0,,,0,Cherry Brandy,54241f,30,0.11,0.24,,,0,0,0,,,0,0,0,Regular,Shake,0.5,,80,-0.20875,0.133125,0,Martini-Glass,Cherry,n,n,n,n
Bronx,Gin,ffffe6,60,0.47,,,0,0,,,0,0,Lime Juice,f7ffd1,10,Orange,ed9d6c,20,0.58,,,0,0,Simple Syrup,ffffe6,10,0.6,,,0,0,,,0,,,0,,,0,0,,,0,0,,,0,Sweet Vermouth,c73a4a,10,0.15,0.15,Dry Vermouth,f5f5f5,10,0.04,0.18,,,0,0,0,Regular,Shake,0.5,Orange Roll,120,0.079166667,0.13125,0,Martini-Glass,Orange,Herb,n,n,n
Southside,Gin,ffffe6,45,0.47,,,0,0,,,0,0,Lime Juice,f7ffd1,22,,,0,0,,,0,0,Simple Syrup,ffffe6,15,0.6,,,0,0,,,0,,,0,,,0,0,,,0,0,,,0,,,0,0,0,,,0,0,0,,,0,0,0,Regular,Shake,0.5,Mint Leaves,82,-0.158536585,0.128963415,0,Martini-Glass,n,n,n,n,n
Whiskey Sour,Bourbon Whiskey,54241f,60,0.45,,,0,0,,,0,0,Lime Juice,f7ffd1,30,,,0,0,,,0,0,Simple Syrup,ffffe6,15,0.6,,,0,0,,,0,,,0,,,0,0,,,0,0,,,0,,,0,0,0,,,0,0,0,,,0,0,0,Regular,Shake,0.5,Lemon Roll/Maraschino cherry,105,-0.2,0.128571429,0,Martini-Glass,n,n,n,n,n
Margarita,Tequila,edffef,60,0.4,,,0,0,,,0,0,Lime Juice,f7ffd1,30,,,0,0,,,0,0,Simple Syrup,ffffe6,15,0.6,,,0,0,,,0,,,0,Salt,,0,0,,,0,0,,,0,Cointreau,ffffe6,20,0.2,0.4,,,0,0,0,,,0,0,0,Regular,Shake,0.5,Lemon Slice,125,-0.136,0.128,0,Martini-Glass,Orange,n,n,n,n
Ward 8,Bourbon Whiskey,54241f,45,0.45,,,0,0,,,0,0,Lime Juice,f7ffd1,15,Orange,ed9d6c,15,0.58,,,0,0,Grenadine Syrup,f54842,4.93,0.67,,,0,0,,,0,,,0,,,0,0,,,0,0,,,0,,,0,0,0,,,0,0,0,,,0,0,0,Regular,Shake,0.5,Orange Roll,79.93,-0.037494057,0.126673339,0,Martini-Glass,Orange,n,n,n,n
Frozen Daiquiri,Rum,ffffff,60,0.4,,,0,0,,,0,0,Lime Juice,f7ffd1,15,,,0,0,,,0,0,Simple Syrup,ffffe6,22,0.6,,,0,0,,,0,,,0,,,0,0,,,0,0,,,0,,,0,0,0,,,0,0,0,,,0,0,0,Regular,Squeeze,0.5,Lemon Slice,97,-0.018556701,0.12371134,0,Martini-Glass,n,n,n,n,n
Red Lion,Gin,ffffe6,30,0.47,,,0,0,,,0,0,Lime Juice,f7ffd1,10,Orange,ed9d6c,30,0.58,,,0,0,,,0,0,,,0,0,,,0,,,0,,,0,0,,,0,0,,,0,Grand Marnier,ffffe6,20,0.2,0.4,,,0,0,0,,,0,0,0,Regular,Shake,0.5,,90,0.126666667,0.122777778,0,Martini-Glass,Orange,n,n,n,n
New York,Bourbon Whiskey,54241f,60,0.45,,,0,0,,,0,0,Lime Juice,f7ffd1,30,,,0,0,,,0,0,Grenadine Syrup,f54842,10,0.67,Simple Syrup,ffffff,10,0.6,,,0,,,0,,,0,0,,,0,0,,,0,,,0,0,0,,,0,0,0,,,0,0,0,Regular,Shake,0.5,Lemon Roll/Maraschino cherry,110,-0.157272727,0.122727273,0,Martini-Glass,n,n,n,n,n
Cape Cod,Vodka,ffffff,40,0.4,,,0,0,,,0,0,Lime Juice,,0,Cranberry,9763b0,60,0.63,,,0,0,,,0,0,,,0,0,,,0,,,0,,,0,0,,,0,0,,,0,,,0,0,0,,,0,0,0,,,0,0,0,Regular,Stir,0.75,Lemon Slice,100,0.378,0.12,0,Collins-Glass,Cranberry,n,n,n,n
Sex on the Beach,Vodka,ffffff,60,0.4,,,0,0,,,0,0,Lime Juice,,0,Pineapple,fcf67c,45,0.6,,,0,0,,,0,0,,,0,0,,,0,,,0,,,0,0,,,0,0,,,0,Midori Melon,fcf67c,15,0.28,0.21,Smirnoff Whipped Cream Vodka,fcf67c,15,0,0.35,,,0,0,0,Regular,Shake,0.5,Orange Slice/Maraschino cherry,135,0.231111111,0.12,0,Hurricane-Glass,Pineapple,Melon,Cream,n,n
Frozen Margarita,Tequila,edffef,60,0.4,,,0,0,,,0,0,Lime Juice,f7ffd1,30,,,0,0,,,0,0,Simple Syrup,ffffe6,20,0.6,,,0,0,,,0,,,0,Salt,,0,0,,,0,0,,,0,Cointreau,ffffe6,15,0.2,0.4,,,0,0,0,,,0,0,0,Regular,Squeeze,0.5,Lemon Slice,125,-0.12,0.12,0,Hurricane-Glass,Orange,Salt,n,n,n
Mocking Bird,Tequila,edffef,40,0.4,,,0,0,,,0,0,Lime Juice,f7ffd1,15,,,0,0,,,0,0,Simple Syrup,ffffe6,10,0.6,,,0,0,,,0,,,0,,,0,0,,,0,0,,,0,Mint Green Liqueur,edfd9,10,0.195,0.17,,,0,0,0,,,0,0,0,Regular,Shake,0.5,Lemon Roll,75,-0.094,0.118,0,Martini-Glass,Mint,n,n,n,n
Blood and Sand,Scotch Whiskey,54241f,25,0.45,,,0,0,,,0,0,Lime Juice,,0,Orange,ed9d6c,25,0.58,,,0,0,,,0,0,,,0,0,,,0,,,0,,,0,0,,,0,0,,,0,Sweet Vermouth,c73a4a,25,0.15,0.15,Luxardo Maraschino,420808,25,0.3,0.32,,,0,0,0,Regular,Shake,0.5,Orange Roll,100,0.2575,0.115,0,Martini-Glass,Orange,Herb,Cherry,n,n
Papa Doble,Rum,ffffff,90,0.4,,,0,0,,,0,0,Lime Juice,f7ffd1,30,Grapefruit,f7cde0,45,0.65,,,0,0,,,0,0,,,0,0,,,0,,,0,,,0,0,,,0,0,,,0,Luxardo Maraschino,420808,15,0.3,0.32,,,0,0,0,,,0,0,0,Regular,Squeeze,0.5,Lemon Slice,180,0.020833333,0.113333333,0,Martini-Glass,Grapefruit,Cherry,n,n,n
Jack Rose,Apple Brandy,54241f,50,0.4,,,0,0,,,0,0,Lime Juice,f7ffd1,20,,,0,0,,,0,0,Grenadine Syrup,f54842,20,0.67,,,0,0,,,0,,,0,,,0,0,,,0,0,,,0,,,0,0,0,,,0,0,0,,,0,0,0,Regular,Shake,0.5,,90,-0.073333333,0.111111111,0,Martini-Glass,Apple,n,n,n,n
Moscow Mule,Vodka,ffffff,60,0.4,,,0,0,,,0,0,Lime Juice,f7ffd1,15,,,0,0,,,0,0,,,0,0,,,0,0,,,0,,,0,Ginger Soda,54241f,0.11,90,,,0,0,,,0,,,0,0,0,,,0,0,0,,,0,0,0,Crashed,Stir,0.75,Lemon Slice,165,-0.030909091,0.109090909,0,Rocks-Glass,Ginger,Bubbling,n,n,n
Cosmopolitan,Vodka,ffffff,60,0.4,,,0,0,,,0,0,Lime Juice,f7ffd1,15,Cranberry,9763b0,25,0.63,,,0,0,Simple Syrup,ffffe6,15,0.6,,,0,0,,,0,,,0,,,0,0,,,0,0,,,0,Cointreau,ffffe6,4.93,0.2,0.4,,,0,0,0,,,0,0,0,Regular,Shake,0.5,Orange Roll/ Cranberry,119.93,0.089518886,0.10827983,0,Martini-Glass,Cranberry,Orange,n,n,n
Alexander,Gin,ffffe6,30,0.47,,,0,0,,,0,0,Lime Juice,,0,,,0,0,,,0,0,,,0,0,,,0,0,,,0,,,0,Cream,ffffff,0.05,30,,,0,0,,,0,Mozart White Chocolate Cream Liqueur,fcf67c,30,0.34,0.17,,,0,0,0,,,0,0,0,Regular,Shake,0.5,Nutmeg Powder,90,0.13,0.106666667,0,Martini-Glass,Cream,Chocolate,n,n,n
Mary Pickford,Rum,ffffff,60,0.4,,,0,0,,,0,0,Lime Juice,,0,Pineapple,fcf67c,45,0.6,,,0,0,Grenadine Syrup,f54842,10,0.67,,,0,0,,,0,,,0,,,0,0,,,0,0,,,0,Luxardo Maraschino,420808,4.93,0.3,0.32,,,0,0,0,,,0,0,0,Regular,Shake,0.5,Maraschino cherry,119.93,0.293329442,0.106635537,0,Martini-Glass,Pineapple,Cherry,n,n,n
Clover Club,Gin,ffffe6,45,0.47,,,0,0,,,0,0,Lime Juice,f7ffd1,20,,,0,0,,,0,0,Grenadine Syrup,f54842,20,0.67,,,0,0,,,0,,,0,,,0,0,Eggwhite,ffffff,15,0,,,0,,,0,0,0,,,0,0,0,,,0,0,0,Regular,Shake,0.5,,100,-0.066,0.10575,0,Martini-Glass,Cream,n,n,n,n
Milk Punch,Bourbon Whiskey,54241f,60,0.45,Rum,f5f5f5,2.5,0.4,,,0,0,Lime Juice,,0,,,0,0,,,0,0,Simple Syrup,ffffe6,15,0.6,,,0,0,,,0,,,0,Milk,ffffff,0.05,60,,,0,0,,,0,,,0,0,0,,,0,0,0,,,0,0,0,Regular,Shake,0.5,Nutmeg Powder,137.5,0.087272727,0.101818182,0,Collins-Glass,Cream,n,n,n,n
Fog Cutter,Rum,ffffff,60,0.4,Brandy,54241f,30,0.4,Gin,dedede,15,0.47,Lime Juice,f7ffd1,60,Orange,ed9d6c,30,0.58,,,0,0,Orgeat syrup,fcf67c,15,0.65,,,0,0,,,0,,,0,,,0,0,,,0,0,,,0,Sherry,c73a4a,15,0.07,0.15,,,0,0,0,,,0,0,0,Regular,Shake,0.5,,225,-0.141333333,0.100666667,0,Collins-Glass,Orange,n,n,n,n
Brandy Alexander,Brandy,54241f,30,0.4,,,0,0,,,0,0,Lime Juice,,0,,,0,0,,,0,0,,,0,0,,,0,0,,,0,,,0,Cream,ffffff,0.05,30,,,0,0,,,0,Mozart Chocolate Cream Liqueur,54241f,30,0.34,0.17,,,0,0,0,,,0,0,0,Regular,Shake,0.5,Nutmeg Powder,90,0.13,0.095,0,Martini-Glass,Chocolate,Cream,n,n,n
Hemingway Daiquiri,Rum,ffffff,60,0.4,,,0,0,,,0,0,Lime Juice,f7ffd1,30,Grapefruit,f7cde0,20,0.65,,,0,0,Simple Syrup,ffffe6,30,0.6,,,0,0,,,0,,,0,,,0,0,,,0,0,,,0,Luxardo Maraschino,420808,10,0.3,0.32,,,0,0,0,,,0,0,0,Regular,Shake,0.5,Grapefruit Roll,150,0.026666667,0.090666667,0,Martini-Glass,Grapefruit,Cherry,n,n,n
Bacardi Cocktail,Rum,ffffff,45,0.4,,,0,0,,,0,0,Lime Juice,f7ffd1,25,,,0,0,,,0,0,Simple Syrup,ffffe6,20,0.6,Grenadine Syrup,f54842,9.86,0.67,,,0,,,0,,,0,0,,,0,0,,,0,,,0,0,0,,,0,0,0,,,0,0,0,Regular,Shake,0.5,Lemon Roll,99.86,-0.064027639,0.090126177,0,Hurricane-Glass,n,n,n,n,n
Cuba Libre,Rum,ffffff,60,0.4,,,0,0,,,0,0,Lime Juice,f7ffd1,20,,,0,0,,,0,0,,,0,0,,,0,0,,,0,,,0,Coca-Cola,54241f,0.59,120,,,0,0,,,0,,,0,0,0,,,0,0,0,,,0,0,0,Regular,Stir,0.75,Lemon Wedge,200,0.254,0.09,0,Collins-Glass,Bubbling,n,n,n,n
Bloody Mary,Vodka,ffffff,45,0.4,,,0,0,,,0,0,Lime Juice,f7ffd1,15,Tomato,f54842,120,0.57,,,0,0,,,0,0,,,0,0,,,0,,,0,Tabasco Pepper Sauce,54241f,0,1.24,Worcestershire Sauce,f54842,1.24,0,Salt,,0,,,0,0,0,,,0,0,0,,,0,0,0,Regular,Filter,0.85,Olive/Lemon Peel/Parsley,182.48,0.292634809,0.083844805,0,Collins-Glass,Tomato,Pepper,Salt,n,n
Gin Buck,Gin,ffffe6,45,0.47,,,0,0,,,0,0,Lime Juice,f7ffd1,15,,,0,0,,,0,0,,,0,0,,,0,0,,,0,,,0,Ginger Soda,54241f,0.11,135,,,0,0,,,0,,,0,0,0,,,0,0,0,,,0,0,0,Regular,Stir,0.75,Lemon Wedge,195,-0.000769231,0.081346154,0,Collins-Glass,Ginger,Bubbling,n,n,n
Irish Car Bomb,Irish Whiskey,54241f,15,0.45,,,0,0,,,0,0,Lime Juice,,0,,,0,0,,,0,0,,,0,0,,,0,0,,,0,,,0,,,0,0,,,0,0,,,0,Baileys,fcf67c,15,0.31,0.17,Guinness Black Beer,54241f,200,0,0.042,,,0,0,0,Regular,Bomb,1,,230,0.020217391,0.076956522,0,Rocks-Glass,Cream,Black Beer,n,n,n
Salty Dog,Vodka,ffffff,30,0.4,,,0,0,,,0,0,Lime Juice,,0,Grapefruit,f7cde0,90,0.65,,,0,0,,,0,0,,,0,0,,,0,,,0,Salt,,0,0,,,0,0,,,0,,,0,0,0,,,0,0,0,,,0,0,0,Regular,Stir,0.75,,120,0.4875,0.075,0,Rocks-Glass,Grapefruit,Salt,n,n,n
Screwdriver,Vodka,ffffff,40,0.4,,,0,0,,,0,0,Lime Juice,,0,Orange,ed9d6c,120,0.58,,,0,0,,,0,0,,,0,0,,,0,,,0,,,0,0,,,0,0,,,0,,,0,0,0,,,0,0,0,,,0,0,0,Regular,Stir,0.75,,160,0.435,0.075,0,Collins-Glass,Orange,n,n,n,n
Colorado Bulldog,Vodka,ffffff,60,0.4,,,0,0,,,0,0,Lime Juice,,0,,,0,0,,,0,0,,,0,0,,,0,0,,,0,,,0,Cream,ffffff,0.05,15,Coca-Cola,54241f,200,0.59,,,0,Kahlua ,54241f,20,0.45,0.2,,,0,0,0,,,0,0,0,Rock,Stir,0.75,,295,0.433050847,0.071186441,0,Rocks-Glass,Cream,Bubbling,Coffee,n,n
Tequila Sunrise,Tequila,edffef,40,0.4,,,0,0,,,0,0,Lime Juice,,0,Orange,ed9d6c,120,0.58,,,0,0,Grenadine Syrup,f54842,10,0.67,,,0,0,,,0,,,0,,,0,0,,,0,0,,,0,,,0,0,0,,,0,0,0,,,0,0,0,Regular,Stir,0.75,Lemon Roll,170,0.448823529,0.070588235,0,Collins-Glass,Orange,n,n,n,n
Green Eyes,Rum,ffffff,30,0.4,,,0,0,,,0,0,Lime Juice,f7ffd1,15,Pineapple,fcf67c,45,0.6,,,0,0,,,0,0,,,0,0,,,0,,,0,Coconut Milk,ffffff,0.05,15,,,0,0,,,0,Midori Melon,fcf67c,25,0.28,0.21,,,0,0,0,,,0,0,0,Regular,Squeeze,0.5,Orange Slice/Maraschino cherry,130,0.151923077,0.066346154,0,Hurricane-Glass,Pineapple,Coconut Milk,Melon,n,n
Gin Rickey,Gin,ffffe6,45,0.47,,,0,0,,,0,0,Lime Juice,,0,,,0,0,,,0,0,,,0,0,,,0,0,,,0,,,0,Soda,fffff0,0,200,,,0,0,,,0,,,0,0,0,,,0,0,0,,,0,0,0,Regular,Stir,0.75,Lemon Slice,245,0,0.064744898,0,Rocks-Glass,Bubbling,n,n,n,n
Gin Tonic,Gin,ffffe6,45,0.47,,,0,0,,,0,0,Lime Juice,f7ffd1,15,,,0,0,,,0,0,,,0,0,,,0,0,,,0,,,0,Tonic,fffff0,0,190,,,0,0,,,0,,,0,0,0,,,0,0,0,,,0,0,0,Regular,Stir,0.75,Lemon Wedge,250,-0.06,0.06345,0,Collins-Glass,Bubbling,n,n,n,n
Pina Colada,Rum,ffffff,45,0.4,,,0,0,,,0,0,Lime Juice,f7ffd1,15,Pineapple,fcf67c,60,0.6,,,0,0,Simple Syrup,ffffe6,4.93,0.6,,,0,0,,,0,,,0,Coconut Milk,ffffff,0.05,25,,,0,0,,,0,,,0,0,0,,,0,0,0,,,0,0,0,Regular,Shake,0.5,Pineapple Slice/ Maraschino cherry,149.93,0.168131795,0.060028013,0,Hurricane-Glass,Pineapple,Coconut Milk,n,n,n
Mojito,Rum,ffffff,60,0.4,,,0,0,,,0,0,Lime Juice,f7ffd1,20,,,0,0,,,0,0,Simple Syrup,ffffe6,15,0.6,,,0,0,,,0,,,0,Mint Leaves,,0,0,Soda,fffff0,200,0,,,0,,,0,0,0,,,0,0,0,,,0,0,0,Crashed,Stir,0.75,Mint Leaves,310,-0.035483871,0.058064516,0,Collins-Glass,Mint,Bubbling,n,n,n
Vodka Tonic,Vodka,ffffff,45,0.4,,,0,0,,,0,0,Lime Juice,,0,,,0,0,,,0,0,,,0,0,,,0,0,,,0,,,0,Tonic,fffff0,0,190,,,0,0,,,0,,,0,0,0,,,0,0,0,,,0,0,0,Regular,Stir,0.75,Lemon Slice/ Lemon Roll,235,0,0.057446809,0,Collins-Glass,Bubbling,n,n,n,n
Tom Collins,Gin,ffffe6,45,0.47,,,0,0,,,0,0,Lime Juice,f7ffd1,15,,,0,0,,,0,0,Simple Syrup,ffffe6,15,0.6,,,0,0,,,0,,,0,Soda,fffff0,0,135,,,0,0,,,0,,,0,0,0,,,0,0,0,,,0,0,0,Regular,Shake,0.5,Orange Roll/Maraschino cherry,210,-0.028571429,0.050357143,0,Collins-Glass,Bubbling,n,n,n,n
Sea Breeze,Vodka,ffffff,45,0.4,,,0,0,,,0,0,Lime Juice,,0,Cranberry,9763b0,60,0.63,Grapefruit,f7cde0,60,0.65,,,0,0,,,0,0,,,0,,,0,Tonic,fffff0,0,30,,,0,0,,,0,,,0,0,0,,,0,0,0,,,0,0,0,Regular,Shake,0.5,Grapefruit Roll,195,0.393846154,0.046153846,0,Hurricane-Glass,Cranberry,Grapefruit,Bubbling,n,n
Romos Gin Fizz,Gin,ffffe6,60,0.47,,,0,0,,,0,0,Lime Juice,f7ffd1,30,,,0,0,,,0,0,Simple Syrup,ffffe6,3,0.6,,,0,0,,,0,,,0,Orange Flower Water ,fffff0,0,59.1,Eggwhite,ffffff,30,0,Soda,,200,,,0,0,0,,,0,0,0,,,0,0,0,Regular,Shake,0.5,Orange Roll,382.1,-0.073802669,0.036901335,0,Collins-Glass,Orange,Cream,Bubbling,n,n
